,AC.MX,ALPEKA.MX,ALSEA.MX,AMXB.MX,ASURB.MX,BIMBOA.MX,BOLSAA.MX,CEMEXCPO.MX,CHDRAUIB.MX,FEMSAUBD.MX,GAPB.MX,GCARSOA1.MX,GCC.MX,GENTERA.MX,GFINBURO.MX,GFNORTEO.MX,GMEXICOB.MX,GRUMAB.MX,HERDEZ.MX,KIMBERA.MX,LABB.MX,LACOMERUBC.MX,LIVEPOLC-1.MX,MEGACPO.MX,OMAB.MX,ORBIA.MX,PE&OLES.MX,PINFRA.MX,Q.MX,RA.MX,SIGMAFA.MX,TLEVISACPO.MX,VESTA.MX,VOLARA.MX,WALMEX.MX
AC.MX,0.0,1.3268058370761695,1.3008979748328453,1.353525100919273,1.2501388948240706,1.1948405264026323,1.3093181562571792,1.2588202989837545,1.2837647344211363,1.2127333372473472,1.2435839739260632,1.2171845397360215,1.2916083743448954,1.2809484753834763,1.219198948452598,1.236969522044032,1.281835025065257,1.2419598114910722,1.3073978233594041,1.240915371643707,1.3297159891528016,1.3078796450339556,1.226284025167821,1.3009734485395659,1.2486525282599217,1.286114794039399,1.2988217180808266,1.2083469705409422,1.3192963813186276,1.2660647076055491,1.263578933925551,1.3210653650768176,1.2815641430508278,1.3167956496147875,1.258384424443095
ALPEKA.MX,1.3268058370761695,0.0,1.2792076199445097,1.3631546697126575,1.280257625585414,1.273151019328482,1.3041894361098063,1.263834613344325,1.3129715619120919,1.2998244454560868,1.2659004797477658,1.2650178265414276,1.3210266611238994,1.2761952055977175,1.2452913970273847,1.2430785280837293,1.2990496071015225,1.334019715025399,1.336691125228233,1.3348176341363354,1.2895368003283614,1.3171938925031073,1.2657696943006378,1.3137452408342567,1.2816709953277992,1.2184836265716288,1.3041502604831303,1.29178312066643,1.3432326480521397,1.2804157823967481,1.1834201655383696,1.281495021498794,1.2670109376839054,1.291351064893921,1.3155176415898846
ALSEA.MX,1.3008979748328453,1.2792076199445097,0.0,1.3373025538211838,1.184179338333581,1.2984100974988757,1.267506888557931,1.2262785839257073,1.3002507248423485,1.2147450790517318,1.158027442855269,1.2677098313242432,1.2802907190125214,1.1918986703237642,1.2220806882026023,1.1539618467176167,1.2730483336522176,1.3222652182163117,1.2760457755084547,1.2386569302335801,1.2865914629906836,1.2801536654840733,1.212168913938274,1.3071596793924953,1.194844204497132,1.189460333278482,1.3177393183009094,1.2247346010759854,1.2641572929631524,1.1553090244999318,1.2664683937289158,1.2613831074535238,1.16915960138375,1.169180949022206,1.2818198339557332
AMXB.MX,1.353525100919273,1.3631546697126575,1.3373025538211838,0.0,1.3279703980030912,1.3675824128797753,1.3743546772322635,1.348721079423188,1.3324143505691888,1.3497552513522286,1.3358743558346418,1.3401380466741464,1.3461185668121165,1.3357204664223308,1.3207979177019746,1.3321786407331282,1.3338193295705782,1.3764534759592983,1.3736957785545638,1.3833401244110821,1.377856962430834,1.3859020543138985,1.3570236920478644,1.3600055561067466,1.3387232353951404,1.3569946849216028,1.3672868421208688,1.3347043459389694,1.3516649805148553,1.3709554380811,1.367862684232933,1.3227553611000102,1.352041631997817,1.3737065744243426,1.339855237702523
ASURB.MX,1.2501388948240706,1.280257625585414,1.184179338333581,1.3279703980030912,0.0,1.2522253886138237,1.2874738342335068,1.1729498626599173,1.2689648216653593,1.1827820213933826,0.8074731640205548,1.21669667334837,1.2828898214767877,1.2151642785955372,1.1886713383698067,1.1673638279494616,1.2353017469272014,1.2983814620471603,1.2874404968846591,1.275169137153756,1.3261110174871937,1.2721772605349817,1.2078952073183935,1.313009227120099,0.9026362302090216,1.2296355368724712,1.3048122135972904,1.1613328243072245,1.3036295243709173,1.2051772775693856,1.232104147501658,1.2070488287719852,1.2399986025581713,1.182528452244612,1.2565895891545356
BIMBOA.MX,1.1948405264026323,1.273151019328482,1.2984100974988757,1.3675824128797753,1.2522253886138237,0.0,1.3045163066675391,1.2382467798531653,1.2301396689179942,1.2336861677119084,1.2518544387764288,1.130289396094447,1.2822583129055753,1.3079739742066918,1.1301146606816845,1.1958379808710546,1.2359875914489555,1.1808460481440048,1.2915884460184093,1.2075663156183432,1.2877113084211271,1.2907975278698611,1.2241871114751603,1.3009853807567873,1.282390441462737,1.2291808680201703,1.2660371872361522,1.205235057437686,1.3297724540892724,1.2804941877220644,1.2474861152776693,1.2400027798783888,1.2550319809421615,1.3116731156152537,1.2483847145211808
BOLSAA.MX,1.3093181562571792,1.3041894361098063,1.267506888557931,1.3743546772322635,1.2874738342335068,1.3045163066675391,0.0,1.2824812800049874,1.2854097435353404,1.2993179296629387,1.264326461567892,1.2826093513835335,1.3204684172045957,1.282558050297236,1.2471881643146912,1.2558713154039935,1.261302567352536,1.3445974769792315,1.2872587104159645,1.290210969445121,1.3122632109411885,1.243695381056537,1.2717182237604079,1.2826085301504977,1.2675567431401584,1.267369783384583,1.2929760658159133,1.2392938052064602,1.257432812772966,1.211172416889106,1.2978677748131864,1.2982910884676018,1.2637403872797162,1.2771881761551445,1.310980355697878
CEMEXCPO.MX,1.2588202989837545,1.263834613344325,1.2262785839257073,1.348721079423188,1.1729498626599173,1.2382467798531653,1.2824812800049874,0.0,1.23367395748379,1.2289596690132554,1.170303911630311,1.2279990170423327,1.1684141146239975,1.2124392819184715,1.1614354911863178,1.1449356858405075,1.1545678697458932,1.305547671146418,1.2850832731279687,1.227339039827166,1.2938481688306438,1.2714758914855915,1.211565961223772,1.290983408541677,1.1798328379219885,1.1722768967846326,1.2704465465409147,1.2261016426450086,1.2964778484124113,1.221741722912133,1.205555470476848,1.1504652108673117,1.2544686555858593,1.2006021404624432,1.2645602985871405
CHDRAUIB.MX,1.2837647344211363,1.3129715619120919,1.3002507248423485,1.3324143505691888,1.2689648216653593,1.2301396689179942,1.2854097435353404,1.23367395748379,0.0,1.3077942265417144,1.2727508764734647,1.2325246675032562,1.2939163701461216,1.3096286699503354,1.203453072537957,1.2446638605533271,1.2832685725515365,1.3034148817637685,1.2727354056820637,1.2848983934538432,1.3335317025619833,1.2399094016494632,1.2388290432390643,1.3330817876361523,1.2867915657149096,1.2789459606493105,1.2920356558162183,1.2747435897353934,1.3149520728748514,1.25225770095473,1.2772194942503803,1.2669319570585647,1.279132053922669,1.3311754527563489,1.244884611557879
FEMSAUBD.MX,1.2127333372473472,1.2998244454560868,1.2147450790517318,1.3497552513522286,1.1827820213933826,1.2336861677119084,1.2993179296629387,1.2289596690132554,1.3077942265417144,0.0,1.202236306453142,1.2321780261652662,1.2735867543646664,1.2536765153199743,1.2196760331834942,1.1673527900215632,1.2604628708659151,1.2774294969413982,1.2928821176714989,1.2668613336705021,1.3157485033086043,1.3069973522172145,1.2137368293844155,1.3397615535074796,1.2011433270134424,1.2548999048094154,1.3201355362252791,1.2405020984926767,1.3064221913541556,1.2412021221281657,1.2685810921820013,1.2424883889549387,1.2337730265220468,1.2409688804569143,1.2428699646856816
GAPB.MX,1.2435839739260632,1.2659004797477658,1.158027442855269,1.3358743558346418,0.8074731640205548,1.2518544387764288,1.264326461567892,1.170303911630311,1.2727508764734647,1.202236306453142,0.0,1.2078283471870888,1.280772070116892,1.1825019694860688,1.169786632878576,1.1452923415033505,1.2130094894976808,1.2861795297297214,1.2888164703257265,1.2838769675727955,1.3097519421553176,1.2633336799631172,1.2016759671261066,1.292145526719916,0.8395803436526242,1.1943149814584244,1.2838316627301276,1.1338486175022031,1.2814971527269952,1.1964461033567122,1.197714226871544,1.2071729992918794,1.2056444533307475,1.1481631832798276,1.2428220185649286
GCARSOA1.MX,1.2171845397360215,1.2650178265414276,1.2677098313242432,1.3401380466741464,1.21669667334837,1.130289396094447,1.2826093513835335,1.2279990170423327,1.2325246675032562,1.2321780261652662,1.2078283471870888,0.0,1.2874890570159754,1.2318546500314664,1.0167302003037642,1.1783568219016982,1.2112694289879768,1.245125528539843,1.2534567613915901,1.221681772650343,1.2781491212673346,1.2860879705499864,1.2131200747075312,1.2769668703195083,1.2373850883246795,1.192245180153395,1.2227767593365646,1.1647395110547358,1.2938257139242482,1.246957746993013,1.1763616036232143,1.1998733840326061,1.226436337941154,1.2972951925561083,1.2411794147520523
GCC.MX,1.2916083743448954,1.3210266611238994,1.2802907190125214,1.3461185668121165,1.2828898214767877,1.2822583129055753,1.3204684172045957,1.1684141146239975,1.2939163701461216,1.2735867543646664,1.280772070116892,1.2874890570159754,0.0,1.2720731097665154,1.2720887746331544,1.2430219913544627,1.262872910772061,1.3407825733023966,1.3126247628140213,1.300239990467981,1.3264962521951318,1.2992986815185767,1.27864788272273,1.311487439775413,1.2744668972607414,1.2505243618172093,1.3181561381670799,1.2531546947554555,1.3228821897017118,1.2345893935233527,1.2972407523379719,1.2740774204812346,1.2778830006209436,1.264044795518998,1.3043430242581628
GENTERA.MX,1.2809484753834763,1.2761952055977175,1.1918986703237642,1.3357204664223308,1.2151642785955372,1.3079739742066918,1.282558050297236,1.2124392819184715,1.3096286699503354,1.2536765153199743,1.1825019694860688,1.2318546500314664,1.2720731097665154,0.0,1.1626639936980279,1.1623864379899604,1.2968119662522257,1.3196001471611545,1.2986510923285655,1.2799265739296004,1.2809482875605251,1.2906354271399842,1.1983157737766046,1.311921295502088,1.1854452339236385,1.2538686588533936,1.3354057351590563,1.2381666260428124,1.282199684210967,1.163277603379432,1.21040057362736,1.2863111009562815,1.2510573367444957,1.2638593920905317,1.3095091144199975
GFINBURO.MX,1.219198948452598,1.2452913970273847,1.2220806882026023,1.3207979177019746,1.1886713383698067,1.1301146606816845,1.2471881643146912,1.1614354911863178,1.203453072537957,1.2196760331834942,1.169786632878576,1.0167302003037642,1.2720887746331544,1.1626639936980279,0.0,1.084685706404876,1.1976778104898251,1.2388811537089035,1.2516925525122575,1.200681663794217,1.2640377978007131,1.232530937108838,1.1546503869694638,1.25002020120977,1.1917397937050402,1.1632362593565693,1.225782467189945,1.1462548848753973,1.267509295578423,1.158753948281414,1.1483218082185833,1.185368509069113,1.2080470900504043,1.2806877941631982,1.2135869720868868
GFNORTEO.MX,1.236969522044032,1.2430785280837293,1.1539618467176167,1.3321786407331282,1.1673638279494616,1.1958379808710546,1.2558713154039935,1.1449356858405075,1.2446638605533271,1.1673527900215632,1.1452923415033505,1.1783568219016982,1.2430219913544627,1.1623864379899604,1.084685706404876,0.0,1.1965375604683544,1.2909376213955357,1.2671813441198576,1.2355327691239644,1.2907478883794579,1.2564548820668924,1.159852089284155,1.2564098196834264,1.155049727600503,1.1620866313287808,1.2673243105563563,1.200333937517302,1.2636989684854356,1.0909260904842932,1.2146110912233006,1.2279702061974465,1.1657010717674754,1.2232151485134444,1.1824535634388675
GMEXICOB.MX,1.281835025065257,1.2990496071015225,1.2730483336522176,1.3338193295705782,1.2353017469272014,1.2359875914489555,1.261302567352536,1.1545678697458932,1.2832685725515365,1.2604628708659151,1.2130094894976808,1.2112694289879768,1.262872910772061,1.2968119662522257,1.1976778104898251,1.1965375604683544,0.0,1.2750567359708365,1.316557179192574,1.2738463527906683,1.3056970743826848,1.279595455258392,1.2582846246268562,1.2771321412335581,1.2240390246844162,1.190393387165963,1.1440518624337632,1.2226773440756593,1.304524629254993,1.2465793055430312,1.2509184296728184,1.2263271084048135,1.254521025645598,1.2655923323580869,1.2586347426656386
GRUMAB.MX,1.2419598114910722,1.334019715025399,1.3222652182163117,1.3764534759592983,1.2983814620471603,1.1808460481440048,1.3445974769792315,1.305547671146418,1.3034148817637685,1.2774294969413982,1.2861795297297214,1.245125528539843,1.3407825733023966,1.3196001471611545,1.2388811537089035,1.2909376213955357,1.2750567359708365,0.0,1.323940792490992,1.2713269528647193,1.3259625584585297,1.3212290905294457,1.2902850977507172,1.3056775936708773,1.2910861811403065,1.3044632161481655,1.277896048221458,1.2543346432775444,1.32690545154668,1.321896242494272,1.2842922715289267,1.2860262821819577,1.274660435509024,1.333097405640528,1.2639781498857032
HERDEZ.MX,1.3073978233594041,1.336691125228233,1.2760457755084547,1.3736957785545638,1.2874404968846591,1.2915884460184093,1.2872587104159645,1.2850832731279687,1.2727354056820637,1.2928821176714989,1.2888164703257265,1.2534567613915901,1.3126247628140213,1.2986510923285655,1.2516925525122575,1.2671813441198576,1.316557179192574,1.323940792490992,0.0,1.307998141574373,1.339068036649869,1.2485061045787653,1.2455587659279206,1.3331299836367911,1.2940922740448262,1.302224342144015,1.339299759765363,1.2871518835997253,1.3117371818162389,1.2675703785519385,1.2984937963190983,1.274890208012635,1.256822011920014,1.2991594092475545,1.295732198426827
KIMBERA.MX,1.240915371643707,1.3348176341363354,1.2386569302335801,1.3833401244110821,1.275169137153756,1.2075663156183432,1.290210969445121,1.227339039827166,1.2848983934538432,1.2668613336705021,1.2838769675727955,1.221681772650343,1.300239990467981,1.2799265739296004,1.200681663794217,1.2355327691239644,1.2738463527906683,1.2713269528647193,1.307998141574373,0.0,1.285516623644674,1.2993835099568385,1.240076649728706,1.2757537349290524,1.2784139880001684,1.2636628060140724,1.293822548983867,1.227495274786294,1.3208469741705728,1.287316139943329,1.2582367217917532,1.277015288859088,1.2628718794961697,1.3086682767941007,1.2651110586132257
LABB.MX,1.3297159891528016,1.2895368003283614,1.2865914629906836,1.377856962430834,1.3261110174871937,1.2877113084211271,1.3122632109411885,1.2938481688306438,1.3335317025619833,1.3157485033086043,1.3097519421553176,1.2781491212673346,1.3264962521951318,1.2809482875605251,1.2640377978007131,1.2907478883794579,1.3056970743826848,1.3259625584585297,1.339068036649869,1.285516623644674,0.0,1.2929325885217757,1.3189371924940185,1.3208266247213678,1.314616756791652,1.3015936098858785,1.3556844727216784,1.2844283038989006,1.3212011396749166,1.3065206805184264,1.3080768624029548,1.3126765784522891,1.2822074829692487,1.3267808122114588,1.3256529435918831
LACOMERUBC.MX,1.3078796450339556,1.3171938925031073,1.2801536654840733,1.3859020543138985,1.2721772605349817,1.2907975278698611,1.243695381056537,1.2714758914855915,1.2399094016494632,1.3069973522172145,1.2633336799631172,1.2860879705499864,1.2992986815185767,1.2906354271399842,1.232530937108838,1.2564548820668924,1.279595455258392,1.3212290905294457,1.2485061045787653,1.2993835099568385,1.2929325885217757,0.0,1.2625549637316638,1.2959611330013037,1.26894718641985,1.2852617181821682,1.327390841315384,1.2635110379770547,1.308941682497849,1.2401844152197088,1.2840518927102063,1.2797308476901041,1.2389655226374316,1.2720084065074657,1.2818538628637637
LIVEPOLC-1.MX,1.226284025167821,1.2657696943006378,1.212168913938274,1.3570236920478644,1.2078952073183935,1.2241871114751603,1.2717182237604079,1.211565961223772,1.2388290432390643,1.2137368293844155,1.2016759671261066,1.2131200747075312,1.27864788272273,1.1983157737766046,1.1546503869694638,1.159852089284155,1.2582846246268562,1.2902850977507172,1.2455587659279206,1.240076649728706,1.3189371924940185,1.2625549637316638,0.0,1.290787048582882,1.2204818938767563,1.195739148492614,1.2607458769620368,1.2016597091945078,1.294784231771934,1.205778516253612,1.1799844204014394,1.2516505504766702,1.2577807037623783,1.2722237977481918,1.2510795237194066
MEGACPO.MX,1.3009734485395659,1.3137452408342567,1.3071596793924953,1.3600055561067466,1.313009227120099,1.3009853807567873,1.2826085301504977,1.290983408541677,1.3330817876361523,1.3397615535074796,1.292145526719916,1.2769668703195083,1.311487439775413,1.311921295502088,1.25002020120977,1.2564098196834264,1.2771321412335581,1.3056775936708773,1.3331299836367911,1.2757537349290524,1.3208266247213678,1.2959611330013037,1.290787048582882,0.0,1.296902655105582,1.2643250056880126,1.3065266825563193,1.296800496079582,1.337870327519171,1.2922292586822888,1.320996197415338,1.240365974895233,1.2757312338441578,1.337373826072315,1.319019004460884
OMAB.MX,1.2486525282599217,1.2816709953277992,1.194844204497132,1.3387232353951404,0.9026362302090216,1.282390441462737,1.2675567431401584,1.1798328379219885,1.2867915657149096,1.2011433270134424,0.8395803436526242,1.2373850883246795,1.2744668972607414,1.1854452339236385,1.1917397937050402,1.155049727600503,1.2240390246844162,1.2910861811403065,1.2940922740448262,1.2784139880001684,1.314616756791652,1.26894718641985,1.2204818938767563,1.296902655105582,0.0,1.2268235854010219,1.3048189314195755,1.1594979121613536,1.2693369647169104,1.159398984904749,1.2340216938559354,1.227719915790326,1.2330902955137197,1.1635152419137729,1.2491777618197437
ORBIA.MX,1.286114794039399,1.2184836265716288,1.189460333278482,1.3569946849216028,1.2296355368724712,1.2291808680201703,1.267369783384583,1.1722768967846326,1.2789459606493105,1.2548999048094154,1.1943149814584244,1.192245180153395,1.2505243618172093,1.2538686588533936,1.1632362593565693,1.1620866313287808,1.190393387165963,1.3044632161481655,1.302224342144015,1.2636628060140724,1.3015936098858785,1.2852617181821682,1.195739148492614,1.2643250056880126,1.2268235854010219,0.0,1.2759136729319116,1.1811791989633782,1.3235143039552784,1.2254658455119722,1.1933267158510654,1.2499979620941941,1.2226873723717646,1.2606116291345502,1.2701364547161877
PE&OLES.MX,1.2988217180808266,1.3041502604831303,1.3177393183009094,1.3672868421208688,1.3048122135972904,1.2660371872361522,1.2929760658159133,1.2704465465409147,1.2920356558162183,1.3201355362252791,1.2838316627301276,1.2227767593365646,1.3181561381670799,1.3354057351590563,1.225782467189945,1.2673243105563563,1.1440518624337632,1.277896048221458,1.339299759765363,1.293822548983867,1.3556844727216784,1.327390841315384,1.2607458769620368,1.3065266825563193,1.3048189314195755,1.2759136729319116,0.0,1.2714423686372043,1.3298834401485655,1.3101961166974847,1.2875059536480375,1.2667170353730695,1.3021128698445859,1.323164373813261,1.3052134662587713
PINFRA.MX,1.2083469705409422,1.29178312066643,1.2247346010759854,1.3347043459389694,1.1613328243072245,1.205235057437686,1.2392938052064602,1.2261016426450086,1.2747435897353934,1.2405020984926767,1.1338486175022031,1.1647395110547358,1.2531546947554555,1.2381666260428124,1.1462548848753973,1.200333937517302,1.2226773440756593,1.2543346432775444,1.2871518835997253,1.227495274786294,1.2844283038989006,1.2635110379770547,1.2016597091945078,1.296800496079582,1.1594979121613536,1.1811791989633782,1.2714423686372043,0.0,1.3138958730914332,1.2103134871369534,1.175737903518053,1.2461358524961406,1.2267248460290792,1.2878447877404386,1.2759226648915594
Q.MX,1.3192963813186276,1.3432326480521397,1.2641572929631524,1.3516649805148553,1.3036295243709173,1.3297724540892724,1.257432812772966,1.2964778484124113,1.3149520728748514,1.3064221913541556,1.2814971527269952,1.2938257139242482,1.3228821897017118,1.282199684210967,1.267509295578423,1.2636989684854356,1.304524629254993,1.32690545154668,1.3117371818162389,1.3208469741705728,1.3212011396749166,1.308941682497849,1.294784231771934,1.337870327519171,1.2693369647169104,1.3235143039552784,1.3298834401485655,1.3138958730914332,0.0,1.2383399228858678,1.311616207709761,1.3118365111254113,1.2610723604015859,1.3367674842231856,1.3346365295479958
RA.MX,1.2660647076055491,1.2804157823967481,1.1553090244999318,1.3709554380811,1.2051772775693856,1.2804941877220644,1.211172416889106,1.221741722912133,1.25225770095473,1.2412021221281657,1.1964461033567122,1.246957746993013,1.2345893935233527,1.163277603379432,1.158753948281414,1.0909260904842932,1.2465793055430312,1.321896242494272,1.2675703785519385,1.287316139943329,1.3065206805184264,1.2401844152197088,1.205778516253612,1.2922292586822888,1.159398984904749,1.2254658455119722,1.3101961166974847,1.2103134871369534,1.2383399228858678,0.0,1.254110341961133,1.2400110158868345,1.187519639208759,1.2040361493624172,1.272993483242819
SIGMAFA.MX,1.263578933925551,1.1834201655383696,1.2664683937289158,1.367862684232933,1.232104147501658,1.2474861152776693,1.2978677748131864,1.205555470476848,1.2772194942503803,1.2685810921820013,1.197714226871544,1.1763616036232143,1.2972407523379719,1.21040057362736,1.1483218082185833,1.2146110912233006,1.2509184296728184,1.2842922715289267,1.2984937963190983,1.2582367217917532,1.3080768624029548,1.2840518927102063,1.1799844204014394,1.320996197415338,1.2340216938559354,1.1933267158510654,1.2875059536480375,1.175737903518053,1.311616207709761,1.254110341961133,0.0,1.2523214699783527,1.2578630556706967,1.2939012140473032,1.2810490397197247
TLEVISACPO.MX,1.3210653650768176,1.281495021498794,1.2613831074535238,1.3227553611000102,1.2070488287719852,1.2400027798783888,1.2982910884676018,1.1504652108673117,1.2669319570585647,1.2424883889549387,1.2071729992918794,1.1998733840326061,1.2740774204812346,1.2863111009562815,1.185368509069113,1.2279702061974465,1.2263271084048135,1.2860262821819577,1.274890208012635,1.277015288859088,1.3126765784522891,1.2797308476901041,1.2516505504766702,1.240365974895233,1.227719915790326,1.2499979620941941,1.2667170353730695,1.2461358524961406,1.3118365111254113,1.2400110158868345,1.2523214699783527,0.0,1.2720922129947632,1.2406919492937287,1.2815300383446544
VESTA.MX,1.2815641430508278,1.2670109376839054,1.16915960138375,1.352041631997817,1.2399986025581713,1.2550319809421615,1.2637403872797162,1.2544686555858593,1.279132053922669,1.2337730265220468,1.2056444533307475,1.226436337941154,1.2778830006209436,1.2510573367444957,1.2080470900504043,1.1657010717674754,1.254521025645598,1.274660435509024,1.256822011920014,1.2628718794961697,1.2822074829692487,1.2389655226374316,1.2577807037623783,1.2757312338441578,1.2330902955137197,1.2226873723717646,1.3021128698445859,1.2267248460290792,1.2610723604015859,1.187519639208759,1.2578630556706967,1.2720922129947632,0.0,1.2372869296745146,1.2645873185595677
VOLARA.MX,1.3167956496147875,1.291351064893921,1.169180949022206,1.3737065744243426,1.182528452244612,1.3116731156152537,1.2771881761551445,1.2006021404624432,1.3311754527563489,1.2409688804569143,1.1481631832798276,1.2972951925561083,1.264044795518998,1.2638593920905317,1.2806877941631982,1.2232151485134444,1.2655923323580869,1.333097405640528,1.2991594092475545,1.3086682767941007,1.3267808122114588,1.2720084065074657,1.2722237977481918,1.337373826072315,1.1635152419137729,1.2606116291345502,1.323164373813261,1.2878447877404386,1.3367674842231856,1.2040361493624172,1.2939012140473032,1.2406919492937287,1.2372869296745146,0.0,1.3168842640569178
WALMEX.MX,1.258384424443095,1.3155176415898846,1.2818198339557332,1.339855237702523,1.2565895891545356,1.2483847145211808,1.310980355697878,1.2645602985871405,1.244884611557879,1.2428699646856816,1.2428220185649286,1.2411794147520523,1.3043430242581628,1.3095091144199975,1.2135869720868868,1.1824535634388675,1.2586347426656386,1.2639781498857032,1.295732198426827,1.2651110586132257,1.3256529435918831,1.2818538628637637,1.2510795237194066,1.319019004460884,1.2491777618197437,1.2701364547161877,1.3052134662587713,1.2759226648915594,1.3346365295479958,1.272993483242819,1.2810490397197247,1.2815300383446544,1.2645873185595677,1.3168842640569178,0.0
